<?xml version="1.0" encoding="UTF-8"?>
<metadata xml:lang="en"><Esri><CreaDate>20200615</CreaDate><CreaTime>11342600</CreaTime><ArcGISFormat>1.0</ArcGISFormat><SyncOnce>TRUE</SyncOnce><DataProperties><lineage><Process ToolSource="c:\program files (x86)\arcgis\desktop10.7\ArcToolbox\Toolboxes\Data Management Tools.tbx\CreateRandomPoints" Date="20200615" Time="113426">CreateRandomPoints G:\ComputerTransfer_10-31-2019\Users\Nicole\Documents\Server_BackupFiles_29Oct2013\Current_Projects\BLM_ARTR4_Fire ARTRV_fire_cover_transects_2 "USSES_FireHistory_2013_Dissolved selection" "0 0 250 250" 30 "50 Meters" POINT 0</Process></lineage></DataProperties></Esri></metadata>
