<?xml version="1.0" encoding="UTF-8"?>
<metadata xml:lang="en"><Esri><CreaDate>20200529</CreaDate><CreaTime>08480700</CreaTime><ArcGISFormat>1.0</ArcGISFormat><SyncOnce>TRUE</SyncOnce><DataProperties><lineage><Process ToolSource="c:\program files (x86)\arcgis\desktop10.7\ArcToolbox\Toolboxes\Data Management Tools.tbx\CreateRandomPoints" Date="20200529" Time="084807">CreateRandomPoints G:\ComputerTransfer_10-31-2019\Users\Nicole\Documents\Server_BackupFiles_29Oct2013\Current_Projects\BLM_ARTR4_Fire ARTR4_Pasture678_transect_randompts Fencelines "0 0 250 250" 15 "50 Meters" POINT 0</Process><Process ToolSource="c:\program files (x86)\arcgis\desktop10.7\ArcToolbox\Toolboxes\Data Management Tools.tbx\CalculateField" Date="20200529" Time="085103">CalculateField ARTR4_Pasture678_transect_randompts Pasture 6 VB #</Process><Process ToolSource="c:\program files (x86)\arcgis\desktop10.7\ArcToolbox\Toolboxes\Data Management Tools.tbx\CalculateField" Date="20200529" Time="085125">CalculateField ARTR4_Pasture678_transect_randompts Pasture 6 VB #</Process><Process ToolSource="c:\program files (x86)\arcgis\desktop10.7\ArcToolbox\Toolboxes\Data Management Tools.tbx\CalculateField" Date="20200529" Time="085156">CalculateField ARTR4_Pasture678_transect_randompts Pasture 7 VB #</Process><Process ToolSource="c:\program files (x86)\arcgis\desktop10.7\ArcToolbox\Toolboxes\Data Management Tools.tbx\CalculateField" Date="20200529" Time="085216">CalculateField ARTR4_Pasture678_transect_randompts Pasture 8 VB #</Process></lineage></DataProperties></Esri></metadata>
