<?xml version="1.0" encoding="UTF-8"?>
<metadata xml:lang="en"><Esri><CreaDate>20200529</CreaDate><CreaTime>09132900</CreaTime><ArcGISFormat>1.0</ArcGISFormat><SyncOnce>TRUE</SyncOnce><DataProperties><lineage><Process ToolSource="c:\program files (x86)\arcgis\desktop10.7\ArcToolbox\Toolboxes\Data Management Tools.tbx\CreateFishnet" Date="20200529" Time="091329">CreateFishnet G:\ComputerTransfer_10-31-2019\Users\Nicole\Documents\Server_BackupFiles_29Oct2013\Current_Projects\BLM_ARTR4_Fire\Pasture678_100mFishnet.shp "403830.090814154 4899822.807735" "403830.090814154 4899832.807735" 100 100 # # "405486.774863912 4901405.75171283" LABELS G:\ComputerTransfer_10-31-2019\Users\Nicole\Documents\Server_BackupFiles_29Oct2013\Current_Projects\BLM_ARTR4_Fire\Pasture678_20mBuffer_3.shp POLYLINE</Process></lineage></DataProperties></Esri></metadata>
