<?xml version="1.0" encoding="UTF-8"?>
<metadata xml:lang="en"><Esri><CreaDate>20200615</CreaDate><CreaTime>11300100</CreaTime><ArcGISFormat>1.0</ArcGISFormat><SyncOnce>TRUE</SyncOnce><DataProperties><lineage><Process ToolSource="c:\program files (x86)\arcgis\desktop10.7\ArcToolbox\Toolboxes\Data Management Tools.tbx\CreateRandomPoints" Date="20200615" Time="113001">CreateRandomPoints G:\ComputerTransfer_10-31-2019\Users\Nicole\Documents\Server_BackupFiles_29Oct2013\Current_Projects\BLM_ARTR4_Fire ARTRV_fire_cover_transects "USSES_FireHistory_2013_Dissolved selection" "0 0 250 250" 30 "50 Meters" POINT 0</Process><Process ToolSource="c:\program files (x86)\arcgis\desktop10.7\ArcToolbox\Toolboxes\Data Management Tools.tbx\CalculateField" Date="20200615" Time="120044">CalculateField ARTRV_fire_cover_transects Fire 2005 VB #</Process><Process ToolSource="c:\program files (x86)\arcgis\desktop10.7\ArcToolbox\Toolboxes\Data Management Tools.tbx\CalculateField" Date="20200615" Time="120108">CalculateField ARTRV_fire_cover_transects Fire 1999 VB #</Process><Process ToolSource="c:\program files (x86)\arcgis\desktop10.7\ArcToolbox\Toolboxes\Data Management Tools.tbx\CalculateField" Date="20200615" Time="120205">CalculateField ARTRV_fire_cover_transects Fire 1998 VB #</Process><Process ToolSource="c:\program files (x86)\arcgis\desktop10.7\ArcToolbox\Toolboxes\Data Management Tools.tbx\CalculateField" Date="20200615" Time="120227">CalculateField ARTRV_fire_cover_transects Fire 2003 VB #</Process><Process ToolSource="c:\program files (x86)\arcgis\desktop10.7\ArcToolbox\Toolboxes\Data Management Tools.tbx\CalculateField" Date="20200615" Time="120245">CalculateField ARTRV_fire_cover_transects Fire 2003 VB #</Process><Process ToolSource="c:\program files (x86)\arcgis\desktop10.7\ArcToolbox\Toolboxes\Data Management Tools.tbx\CalculateField" Date="20200615" Time="120303">CalculateField ARTRV_fire_cover_transects Fire 2002 VB #</Process><Process ToolSource="c:\program files (x86)\arcgis\desktop10.7\ArcToolbox\Toolboxes\Data Management Tools.tbx\AddXY" Date="20200616" Time="123403">AddXY ARTRV_fire_cover_transects</Process></lineage></DataProperties></Esri></metadata>
